"BILANGAN KES DENGGI MENGIKUT MINGGU EPID, TAHUN 2010",JOHOR,KEDAH,KELANTAN,MELAKA,NEGERI SEMBILAN,PAHANG,PERAK,PERLIS,PULAU PINANG,SABAH,SARAWAK,SELANGOR,TERENGGANU,WP KUALA LUMPUR,WP LABUAN,MALAYSIA
1,46,7,17,8,20,17,23,0,37,55,255,400,18,62,0,965
2,49,5,16,7,25,21,38,1,28,35,207,468,15,83,2,1000
3,71,11,23,14,29,20,24,2,27,45,183,502,12,101,1,1065
4,79,11,13,16,70,31,18,6,20,73,133,525,24,80,2,1101
5,75,15,18,9,112,33,19,4,20,63,121,461,43,109,1,1103
6,54,7,20,7,92,29,34,8,27,49,123,474,19,116,0,1059
7,59,9,18,6,62,25,27,2,22,48,82,451,30,93,1,935
8,50,4,18,7,50,31,36,2,34,48,114,583,28,116,0,1121
9,45,14,28,4,31,38,65,4,23,49,100,496,23,154,0,1074
10,59,9,27,10,32,33,46,0,24,39,106,467,18,169,0,1039
11,53,12,23,11,25,21,31,1,18,29,72,447,15,140,0,898
12,51,15,35,6,20,28,27,1,14,13,87,381,12,107,0,797
13,66,12,21,11,23,19,40,1,18,25,55,425,13,94,0,823
14,55,24,21,12,24,24,49,5,14,26,51,460,15,106,0,886
15,79,21,38,11,25,17,29,1,21,19,66,459,18,109,1,914
16,50,18,29,18,37,13,38,4,18,22,42,441,17,138,0,885
17,62,18,31,16,51,20,40,2,17,18,55,329,12,119,0,790
18,88,23,35,10,42,15,38,4,17,37,47,301,11,92,0,760
19,53,21,32,15,51,17,33,4,18,35,44,337,15,91,0,766
20,61,19,32,18,56,14,37,6,27,53,48,370,22,71,0,834
21,90,33,45,17,40,34,38,3,21,39,46,287,15,81,0,789
22,96,25,33,14,50,27,54,2,21,43,44,311,11,83,0,814
23,91,17,32,13,70,57,78,5,23,91,54,286,7,66,1,891
24,113,14,40,13,65,44,66,3,31,77,57,325,16,76,2,942
25,79,18,64,31,35,53,78,2,23,76,60,332,13,74,0,938
26,144,22,67,25,36,40,63,5,40,71,70,381,12,73,2,1051
27,129,19,81,20,29,35,56,0,34,55,156,346,17,84,0,1061
28,131,20,89,26,36,34,38,7,38,57,146,307,25,89,0,1043
29,105,16,131,18,28,47,93,7,48,50,137,289,20,82,0,1071
30,101,21,176,16,15,39,65,9,39,62,127,323,19,89,0,1101
31,81,14,146,71,19,39,67,5,50,56,98,241,26,73,1,987
32,77,7,154,80,16,35,43,2,43,36,119,250,19,69,2,952
33,87,25,200,98,12,36,74,5,39,40,94,258,42,64,0,1074
34,121,26,257,84,13,32,63,10,50,55,102,223,48,75,0,1159
35,149,13,307,43,9,30,58,9,66,54,77,236,42,51,0,1144
36,114,6,214,36,9,16,41,5,54,38,67,186,57,55,0,898
37,107,14,169,46,9,16,41,7,69,42,56,150,38,39,0,803
38,137,14,163,62,10,31,55,5,51,37,66,242,47,53,0,973
39,118,11,132,63,11,38,48,7,62,33,67,190,64,69,0,913
40,151,13,101,66,10,30,40,4,51,44,69,181,99,52,0,911
41,135,20,98,61,10,40,41,8,62,26,61,190,105,77,0,934
42,142,14,64,53,9,42,47,12,48,31,65,227,62,72,0,888
43,123,17,54,53,9,36,51,6,41,17,42,246,38,74,0,807
44,77,6,38,42,9,37,39,0,31,29,57,198,46,71,1,681
45,86,11,36,39,10,35,36,6,43,22,48,217,34,61,0,684
46,72,10,29,40,9,47,28,6,43,21,49,167,24,45,0,590
47,70,10,28,32,12,58,27,4,52,29,40,178,28,61,0,629
48,56,18,44,31,8,48,30,2,38,18,49,186,29,43,0,600
49,65,22,20,28,9,46,20,2,42,15,38,132,30,28,1,498
50,58,13,28,17,6,51,36,4,58,19,29,139,18,47,1,524
51,45,9,22,23,7,42,42,4,42,13,30,178,23,39,0,519
52,51,9,21,8,4,27,40,1,37,14,29,188,18,40,0,487
Grand Total,4406,782,3578,1485,1501,1688,2288,215,1834,2091,4240,16367,1472,4205,19,46171
"BILANGAN KES DENGGI MENGIKUT KUMPULAN UMUR, TAHUN 2010",JOHOR,KEDAH,KELANTAN,MELAKA,NEGERI SEMBILAN,PAHANG,PERAK,PERLIS,PULAU PINANG,SABAH,SARAWAK,SELANGOR,TERENGGANU,WP KUALA LUMPUR,WP LABUAN,MALAYSIA
0-4,118,14,74,22,17,30,43,5,39,62,166,524,58,116,0,1288
5-9,174,29,143,42,40,76,84,13,58,123,242,900,105,265,1,2295
10-14,374,61,393,117,110,166,205,18,158,197,272,1455,171,442,2,4141
15-19,597,121,656,212,183,253,336,34,205,271,414,1940,224,553,2,6001
20-24,670,107,411,203,219,255,256,35,243,226,444,2570,228,649,1,6517
25-29,677,66,342,175,175,184,222,28,249,226,476,2461,166,603,1,6051
30-34,516,71,265,147,148,139,194,13,237,184,368,1887,122,438,3,4732
35-39,407,53,267,112,151,128,189,16,161,138,380,1374,83,317,0,3776
40-44,291,65,243,117,108,110,172,13,142,133,330,1032,76,252,4,3088
45-49,196,65,218,88,94,108,168,13,99,135,313,800,73,155,1,2526
50-54,155,39,198,99,95,87,127,11,87,124,281,570,53,159,0,2085
55-59,101,43,165,69,81,61,108,7,56,90,196,372,46,106,2,1503
60-64,66,20,94,35,42,44,84,5,47,55,141,214,25,74,0,946
65-69,34,15,61,19,19,28,43,2,23,56,94,122,20,32,1,569
70-74,21,4,23,19,11,13,31,2,20,36,49,87,11,26,0,353
>75,9,9,25,9,8,6,26,0,10,35,74,59,11,18,1,300
Grand Total,4406,782,3578,1485,1501,1688,2288,215,1834,2091,4240,16367,1472,4205,19,46171
"BILANGAN KES HAEMORRHAGIC FEVER MENGIKUT KUMPULAN UMUR, TAHUN 2010",JOHOR,KEDAH,KELANTAN,MELAKA,NEGERI SEMBILAN,PAHANG,PERAK,PERLIS,PULAU PINANG,SABAH,SARAWAK,SELANGOR,TERENGGANU,WP KUALA LUMPUR,WP LABUAN,MALAYSIA
0-4,10,0,4,1,0,0,0,0,3,1,5,32,2,5,0,63
5-9,16,0,11,2,2,4,4,0,1,3,12,63,4,21,0,143
10-14,63,0,25,29,9,12,8,0,5,2,10,182,9,37,0,391
15-19,67,0,55,38,15,16,4,0,1,2,12,243,14,38,0,505
20-24,102,0,32,52,18,10,2,0,0,0,22,348,13,44,0,643
25-29,115,0,31,41,18,13,2,0,3,2,21,330,14,48,0,638
30-34,78,0,20,28,14,13,4,0,2,2,12,246,5,33,0,457
35-39,63,0,23,28,13,10,1,0,4,1,17,166,6,20,0,352
40-44,35,1,14,27,9,7,2,0,1,3,20,132,5,15,0,271
45-49,29,1,22,18,13,12,0,0,1,1,8,83,3,6,0,197
50-54,18,0,21,15,9,11,1,0,0,0,11,61,3,11,0,161
55-59,12,1,6,16,6,4,3,0,0,0,4,34,4,10,0,100
60-64,12,0,5,5,2,2,0,0,0,0,3,16,0,5,0,50
65-69,7,0,8,3,0,1,0,0,0,0,3,10,0,2,0,34
70-74,3,0,0,4,0,0,1,0,0,0,0,7,0,2,0,17
>75,0,0,2,1,0,1,0,0,0,0,2,2,1,0,0,9
Grand Total,630,3,279,308,128,116,32,0,21,17,162,1955,83,297,0,4031
Death,12,3,11,12,7,5,6,0,7,3,14,45,3,6,0,134
"BILANGAN KES DENGGI MENGIKUT MINGGU EPID, TAHUN 2011",JOHOR,KEDAH,KELANTAN,MELAKA,NEGERI SEMBILAN,PAHANG,PERAK,PERLIS,PULAU PINANG,SABAH,SARAWAK,SELANGOR,TERENGGANU,WP KUALA LUMPUR,WP LABUAN,MALAYSIA
1,50,15,28,19,6,34,36,2,42,46,1,169,22,36,14,520
2,60,11,23,21,9,32,25,7,46,50,1,207,38,36,20,586
3,49,9,17,8,12,25,40,2,40,31,0,170,36,28,18,485
4,44,20,21,10,20,25,41,5,48,24,1,168,18,32,16,493
5,35,13,20,3,18,22,19,0,24,25,1,145,17,22,9,373
6,50,13,16,6,11,26,30,2,33,17,0,134,18,28,6,390
7,62,9,17,13,10,17,16,1,33,25,0,133,27,39,15,417
8,45,9,14,12,12,28,31,0,34,16,0,166,19,37,14,437
9,42,12,13,19,15,25,17,0,29,24,0,139,15,33,9,392
10,34,6,11,12,22,20,31,0,36,16,0,121,12,23,8,352
11,41,4,6,7,13,17,19,0,36,22,0,96,7,17,7,292
12,22,6,10,7,14,16,13,0,34,13,1,100,11,32,11,290
13,30,4,17,4,17,18,18,0,34,13,0,111,22,30,6,324
14,31,3,10,7,17,14,27,1,23,11,0,164,6,36,6,356
15,33,7,8,5,13,11,22,1,43,12,0,180,8,47,8,398
16,32,10,15,1,13,11,21,3,54,15,0,168,8,34,11,396
17,31,9,9,8,24,12,20,1,62,13,0,126,6,32,9,362
18,26,5,9,7,27,14,21,1,34,21,0,120,6,36,7,334
19,32,11,4,8,19,12,28,1,32,23,0,153,13,37,9,382
20,24,13,11,4,15,13,22,0,29,16,0,179,11,44,3,384
21,22,4,8,12,13,14,20,0,41,15,0,178,5,52,4,388
22,22,14,10,6,18,19,19,1,46,10,0,143,4,50,7,369
23,24,7,8,6,9,19,21,3,47,23,0,137,7,42,6,359
24,23,14,9,5,15,14,26,3,39,15,0,150,9,47,5,374
25,37,10,12,10,16,20,27,3,33,23,0,182,12,34,7,426
26,17,6,16,9,12,23,39,3,31,18,0,167,13,48,12,414
27,27,10,13,7,29,14,28,1,40,15,1,202,8,47,6,448
28,25,6,13,7,12,12,27,2,40,15,0,168,15,37,4,383
29,35,11,19,7,11,17,23,4,48,11,0,139,12,42,4,383
30,29,10,17,8,18,21,19,2,34,19,3,146,11,33,7,377
31,28,5,21,3,17,15,25,4,27,26,0,119,6,39,8,343
32,21,15,18,5,15,16,27,5,28,18,0,131,14,40,9,362
33,25,13,25,5,8,18,21,4,26,13,0,152,15,34,6,365
34,21,5,21,4,15,14,19,6,26,18,0,111,8,31,3,302
35,10,2,13,2,7,5,10,0,20,10,0,70,6,17,4,176
36,29,6,13,3,17,12,25,2,24,19,0,103,11,42,5,311
37,18,10,9,5,12,14,23,4,25,20,0,122,6,53,4,325
38,19,5,15,5,11,17,16,6,18,16,0,145,12,38,5,328
39,30,8,12,9,15,13,32,3,8,16,0,121,7,42,8,324
40,31,13,10,9,17,17,18,3,18,9,0,110,11,43,7,316
41,22,4,11,13,13,18,29,2,10,14,0,141,11,46,6,340
42,30,7,18,9,14,16,32,2,9,10,0,153,10,51,8,369
43,28,15,13,11,11,15,40,2,10,24,0,140,14,63,5,391
44,24,17,9,9,19,23,31,3,15,20,0,145,13,49,5,382
45,16,8,20,7,11,18,35,1,16,21,0,150,9,48,7,367
46,24,20,17,13,14,12,42,4,20,12,2,160,16,55,6,417
47,34,11,9,14,13,14,50,2,18,14,0,181,15,56,6,437
48,26,15,4,12,9,13,27,1,21,13,0,163,17,32,5,358
49,27,17,30,16,12,20,44,1,26,21,0,201,13,47,11,486
50,28,19,14,15,12,14,62,1,23,29,0,234,17,49,5,522
51,32,11,16,16,10,15,33,3,22,18,0,194,13,39,7,429
52,26,7,21,7,5,10,24,2,24,16,5,151,15,33,4,350
Grand Total,1583,514,743,450,737,894,1411,110,1579,974,16,7758,675,2038,402,19884
"BILANGAN KES DENGGI MENGIKUT KUMPULAN UMUR, TAHUN 2011",JOHOR,KEDAH,KELANTAN,MELAKA,NEGERI SEMBILAN,PAHANG,PERAK,PERLIS,PULAU PINANG,SABAH,SARAWAK,SELANGOR,TERENGGANU,WP KUALA LUMPUR,WP LABUAN,MALAYSIA
0-4,82,5,6,10,21,14,37,6,31,15,38,244,12,66,2,589
5-9,74,17,23,21,23,32,71,6,40,27,39,346,23,82,0,824
10-14,143,38,61,32,46,79,113,15,86,54,46,660,50,188,2,1613
15-19,205,69,114,46,103,123,187,25,175,68,93,984,112,264,2,2570
20-24,239,64,85,51,108,103,145,13,198,45,100,1120,132,314,2,2719
25-29,213,56,88,53,98,124,153,7,201,33,100,1119,61,302,1,2609
30-34,140,42,61,36,68,78,115,5,188,30,106,895,64,225,1,2054
35-39,130,54,47,42,78,71,105,8,167,27,102,677,37,160,1,1706
40-44,105,30,52,35,47,64,95,7,137,35,75,529,43,109,1,1364
45-49,76,48,58,36,32,62,101,3,101,15,70,363,38,108,2,1113
50-54,76,35,57,23,39,49,100,8,104,23,69,319,40,78,0,1020
55-59,52,24,29,24,39,34,66,3,59,12,49,216,25,65,0,697
60-64,22,16,30,20,21,26,55,3,39,8,30,146,16,37,0,469
65-69,13,6,19,12,5,15,27,0,26,3,27,58,14,21,0,246
70-74,9,3,11,6,6,9,18,1,17,4,12,44,6,14,1,161
>75,4,7,2,3,3,11,23,0,10,3,18,38,2,5,1,130
Grand Total,1583,514,743,450,737,894,1411,110,1579,402,974,7758,675,2038,16,19884
"BILANGAN KES HAEMORRHAGIC FEVER MENGIKUT KUMPULAN UMUR, TAHUN 2011",JOHOR,KEDAH,KELANTAN,MELAKA,NEGERI SEMBILAN,PAHANG,PERAK,PERLIS,PULAU PINANG,SABAH,SARAWAK,SELANGOR,TERENGGANU,WP KUALA LUMPUR,WP LABUAN,MALAYSIA
0-4,3,0,0,0,2,1,2,0,2,4,1,11,1,5,0,32
5-9,15,0,1,1,3,3,3,0,1,4,2,24,2,8,0,67
10-14,18,1,2,3,4,5,2,0,3,6,3,65,8,12,0,132
15-19,23,4,6,0,9,1,1,0,8,6,3,92,20,18,0,191
20-24,34,3,3,2,5,6,4,0,6,2,2,99,25,29,0,220
25-29,33,1,4,2,5,5,2,0,4,0,1,113,10,20,0,200
30-34,18,4,6,2,4,2,5,0,5,1,5,74,11,20,0,157
35-39,12,3,1,1,4,3,3,0,2,1,4,58,9,19,0,120
40-44,10,1,4,1,5,6,2,0,5,1,1,49,5,10,0,100
45-49,5,1,4,1,1,4,4,0,0,1,2,25,3,8,0,59
50-54,7,3,2,0,0,1,2,0,1,0,3,23,6,5,0,53
55-59,4,0,2,2,1,1,2,0,3,0,1,15,2,2,0,35
60-64,2,0,1,2,2,1,1,0,0,0,4,10,2,2,0,27
65-69,1,0,2,1,1,1,1,0,0,1,1,3,2,1,0,15
70-74,1,0,0,0,0,0,0,0,1,1,0,3,0,0,0,6
>75,0,0,0,0,0,0,0,0,0,0,0,3,0,1,0,4
Grand Total,186,21,38,18,46,40,34,0,41,28,33,667,106,160,0,1418
Death,7,0,1,0,3,1,2,0,3,2,0,14,1,2,0,36
"BILANGAN KES DENGGI MENGIKUT MINGGU EPID, TAHUN 2012",JOHOR,KEDAH,KELANTAN,MELAKA,NEGERI SEMBILAN,PAHANG,PERAK,PERLIS,PULAU PINANG,SABAH,SARAWAK,SELANGOR,TERENGGANU,WP KUALA LUMPUR,WP LABUAN,MALAYSIA
1,37,13,19,15,8,13,34,2,20,4,10,212,17,35,1,440
2,39,22,18,12,8,18,39,5,16,12,17,219,10,46,0,481
3,32,9,31,18,11,11,33,3,17,11,13,192,13,64,1,459
4,21,8,14,19,12,20,41,2,25,10,13,217,22,64,0,488
5,33,27,30,14,7,20,36,3,21,10,28,237,19,60,0,545
6,29,17,16,15,6,10,39,5,20,12,19,230,46,49,0,513
7,33,12,57,18,8,16,35,4,21,14,31,274,20,42,0,585
8,34,12,39,12,11,23,53,3,19,10,27,273,24,61,1,602
9,38,19,43,19,10,19,32,6,10,8,21,276,22,43,1,567
10,35,10,38,10,9,15,41,9,22,11,25,219,9,51,0,504
11,31,12,37,19,8,8,26,7,18,11,21,208,17,56,1,480
12,24,15,28,9,6,12,29,4,13,7,27,217,26,60,0,477
13,39,10,26,18,6,12,29,4,16,8,18,204,18,58,0,466
14,38,12,15,12,8,16,38,5,21,3,16,186,10,51,0,431
15,39,25,17,11,8,13,35,2,14,12,17,206,6,58,0,463
16,31,21,23,11,11,22,18,4,19,8,25,193,12,51,1,450
17,32,23,10,9,11,17,21,2,13,9,22,214,8,62,0,453
18,31,27,15,7,7,8,28,3,9,8,23,182,11,45,1,405
19,36,16,13,7,10,7,18,3,18,7,20,202,17,19,0,393
20,36,19,18,9,11,11,20,1,21,13,22,186,12,26,0,405
21,37,17,27,6,7,12,24,0,13,14,11,200,9,19,0,396
22,37,11,6,6,8,7,24,3,10,7,18,177,12,23,0,349
23,26,17,13,5,4,16,23,2,16,7,14,184,10,17,0,354
24,25,21,18,4,9,15,36,7,10,7,14,168,9,14,0,357
25,24,15,12,8,7,5,28,10,22,10,12,173,14,26,1,367
26,29,14,18,5,8,13,26,5,15,8,11,173,10,29,0,364
27,24,17,19,5,10,12,36,4,16,6,15,155,15,30,0,364
28,31,20,21,9,12,11,29,2,19,13,17,136,13,27,0,360
29,34,18,18,6,11,6,26,4,17,12,19,109,17,22,0,319
30,28,21,23,7,9,13,31,3,10,11,23,109,10,27,0,325
31,38,13,29,13,19,9,35,7,20,6,11,127,26,18,0,371
32,42,26,24,4,14,11,40,2,12,16,21,120,23,24,0,379
33,27,24,22,3,13,8,24,2,12,11,39,114,12,21,0,332
34,29,14,18,5,22,12,16,1,6,13,33,107,14,8,0,298
35,27,13,29,2,20,7,37,2,8,17,33,134,19,24,0,372
36,28,20,26,4,9,7,49,3,11,17,29,124,11,16,0,354
37,24,10,31,4,7,13,46,0,4,10,29,118,16,26,0,338
38,33,18,27,6,14,11,51,2,13,12,32,90,8,27,0,344
39,35,7,23,8,10,12,44,0,10,13,58,124,21,25,0,390
40,21,9,21,6,18,6,55,3,12,12,63,122,11,29,1,389
41,25,7,31,6,6,11,40,3,12,9,42,112,10,23,0,337
42,29,10,23,2,13,12,38,2,11,26,59,133,9,24,0,391
43,33,13,22,4,17,12,26,2,17,22,49,136,17,20,0,390
44,24,10,26,4,10,17,37,2,17,27,48,163,9,26,1,421
45,16,17,33,6,11,12,32,2,18,28,53,139,14,30,0,411
46,20,14,16,6,6,8,31,6,13,14,49,144,9,14,0,350
47,33,12,27,7,12,13,32,2,14,22,49,159,6,27,0,415
48,52,16,32,8,14,10,25,5,13,30,59,168,8,36,0,476
49,28,19,24,9,15,8,34,3,17,19,40,207,11,33,0,467
50,40,17,27,8,13,16,41,5,16,21,63,211,13,45,0,536
51,40,15,41,4,12,13,26,0,16,21,41,226,10,56,0,521
52,43,13,11,5,16,12,29,1,18,23,50,204,4,27,0,456
Grand Total,1650,817,1245,449,552,641,1716,172,791,672,1519,9113,739,1814,10,21900
"BILANGAN KES DENGGI MENGIKUT KUMPULAN UMUR, TAHUN 2012",JOHOR,KEDAH,KELANTAN,MELAKA,NEGERI SEMBILAN,PAHANG,PERAK,PERLIS,PULAU PINANG,SABAH,SARAWAK,SELANGOR,TERENGGANU,WP KUALA LUMPUR,WP LABUAN,MALAYSIA
0-4,97,12,20,14,18,22,69,3,23,24,40,347,16,65,0,770
5-9,109,34,36,21,19,31,91,11,30,35,55,419,31,70,0,992
10-14,140,60,130,35,32,49,128,20,50,68,69,671,66,199,2,1719
15-19,194,102,210,51,63,97,253,34,122,90,125,1102,126,224,1,2794
20-24,214,103,143,70,82,83,187,21,109,81,166,1410,104,265,1,3039
25-29,233,81,113,52,82,84,190,23,103,97,183,1340,81,277,3,2942
30-34,180,73,124,39,53,47,150,13,96,62,158,1092,59,225,2,2373
35-39,129,53,79,19,44,44,138,9,55,29,150,759,33,133,1,1675
40-44,94,82,87,28,33,45,108,11,49,44,146,552,45,109,0,1433
45-49,81,62,66,23,42,40,87,9,40,47,110,489,46,81,0,1223
50-54,50,59,73,22,31,40,98,6,36,30,115,343,39,60,0,1002
55-59,51,52,76,25,20,31,76,4,31,31,79,259,31,44,0,810
60-64,34,20,41,21,15,12,75,2,25,14,60,173,29,31,0,552
65-69,18,8,23,11,7,10,31,1,14,5,26,76,18,17,0,265
70-74,15,11,17,7,8,3,22,2,2,10,21,41,7,7,0,173
>75,11,5,7,11,3,3,13,3,6,5,16,40,8,7,0,138
Grand Total,1650,817,1245,449,552,641,1716,172,791,672,1519,9113,739,1814,10,21900
"BILANGAN KES HAEMORRHAGIC FEVER MENGIKUT KUMPULAN UMUR, TAHUN 2012",JOHOR,KEDAH,KELANTAN,MELAKA,NEGERI SEMBILAN,PAHANG,PERAK,PERLIS,PULAU PINANG,SABAH,SARAWAK,SELANGOR,TERENGGANU,WP KUALA LUMPUR,WP LABUAN,MALAYSIA
0-4,2,0,0,0,0,0,1,0,1,2,2,4,1,3,0,16
5-9,6,0,0,1,0,1,4,0,2,0,7,11,4,8,0,44
10-14,6,2,3,0,0,2,3,1,0,4,5,36,2,10,0,74
15-19,6,1,4,0,2,0,5,0,1,3,1,52,9,8,0,92
20-24,6,0,4,3,0,2,3,0,3,4,5,51,6,7,0,94
25-29,11,1,0,1,1,3,3,0,1,4,2,59,6,7,0,99
30-34,6,3,1,1,0,0,2,0,2,1,4,45,3,4,0,72
35-39,2,1,1,0,1,1,2,0,3,0,1,31,4,8,0,55
40-44,2,1,3,1,0,3,2,0,1,0,2,38,2,5,0,60
45-49,3,3,1,2,1,1,0,0,2,0,1,13,4,7,0,38
50-54,0,0,0,1,0,0,4,0,2,0,4,13,4,4,0,32
55-59,1,4,0,1,0,0,0,0,2,0,2,10,1,2,0,23
60-64,0,0,1,1,0,0,3,0,0,0,0,2,0,1,0,8
65-69,0,0,0,0,0,0,1,0,1,0,0,5,1,0,0,8
70-74,0,0,0,0,0,0,0,0,0,0,0,1,0,0,0,1
>75,0,0,0,1,0,1,0,0,0,0,1,0,0,0,0,3
Grand Total,51,16,18,13,5,14,33,1,21,18,37,371,47,74,0,719
Death,1,4,0,0,2,1,5,1,1,2,1,12,0,5,0,35
"BILANGAN KES DENGGI MENGIKUT MINGGU EPID, TAHUN 2013",JOHOR,KEDAH,KELANTAN,MELAKA,NEGERI SEMBILAN,PAHANG,PERAK,PERLIS,PULAU PINANG,SABAH,SARAWAK,SELANGOR,TERENGGANU,WP KUALA LUMPUR,WP LABUAN,MALAYSIA
1,45,8,23,7,10,17,29,3,13,25,41,199,5,21,0,446
2,59,30,27,10,11,13,38,2,21,25,42,271,5,35,0,589
3,54,12,33,10,11,11,42,2,18,18,67,243,5,19,0,545
4,52,13,18,10,9,9,47,4,19,17,51,243,6,21,0,519
5,38,12,19,11,9,15,45,4,12,26,44,199,2,25,0,461
6,38,19,29,12,6,13,41,4,11,23,46,213,5,33,0,493
7,33,14,28,7,6,15,29,2,17,14,45,176,4,18,0,408
8,34,20,27,7,7,10,38,6,19,9,48,216,3,33,0,477
9,31,6,25,11,8,10,48,2,14,14,33,162,5,64,0,433
10,34,12,28,11,8,12,34,3,11,12,24,152,4,45,0,390
11,50,12,32,14,12,14,44,3,8,9,37,179,2,45,0,461
12,48,13,32,8,8,7,50,0,10,14,21,226,2,56,0,495
13,57,16,26,10,9,6,34,4,16,11,20,192,6,33,0,440
14,50,13,33,4,11,11,46,5,11,10,19,177,1,51,0,442
15,32,15,27,11,9,10,30,2,10,14,25,176,4,27,0,392
16,36,16,34,5,13,7,45,1,9,9,19,189,5,34,0,422
17,85,16,28,8,19,2,39,2,10,7,26,191,5,62,0,500
18,100,12,17,5,19,11,24,1,6,9,18,179,5,57,0,463
19,83,14,15,7,16,5,28,4,11,9,24,178,7,50,0,451
20,87,17,17,8,12,10,33,1,10,13,16,210,11,58,0,503
21,77,17,26,11,11,7,31,4,12,5,13,208,17,67,2,508
22,90,17,14,3,19,8,19,9,10,7,20,296,3,48,1,564
23,92,10,21,9,10,11,18,13,13,7,14,260,9,22,0,509
24,116,15,17,10,12,14,25,15,13,11,24,265,7,31,0,575
25,116,31,25,11,15,11,41,5,18,10,29,293,9,44,0,658
26,123,28,36,21,14,10,36,13,14,15,20,308,10,66,1,715
27,114,19,21,15,16,8,34,14,12,8,23,293,7,41,0,625
28,109,20,28,6,13,14,23,3,22,11,21,334,4,35,0,643
29,112,18,34,19,15,13,29,7,26,11,20,293,4,27,1,629
30,103,22,32,17,10,16,32,6,17,15,15,322,11,27,0,645
31,98,20,31,14,16,15,26,4,19,13,15,307,10,64,2,654
32,71,17,17,9,6,9,19,0,7,11,10,297,9,49,0,531
33,87,16,19,18,25,10,25,2,18,6,22,365,22,55,0,690
34,111,22,36,33,10,12,29,3,25,11,22,447,28,34,1,824
35,119,14,28,39,12,16,48,2,21,10,12,436,22,45,0,824
36,92,11,29,39,11,20,33,5,28,11,16,391,16,38,1,741
37,89,11,35,59,23,29,53,8,38,12,15,424,16,31,0,843
38,89,13,36,61,18,16,28,5,24,14,18,542,30,52,0,946
39,103,10,43,65,42,13,46,1,18,19,17,690,21,60,0,1148
40,110,4,39,76,27,15,58,4,28,26,12,756,11,61,0,1227
41,106,11,41,76,35,15,77,3,19,15,23,789,21,59,0,1290
42,147,15,38,92,25,16,51,6,26,21,17,870,24,60,0,1408
43,167,14,33,71,28,21,64,5,26,18,18,1142,12,60,1,1680
44,152,16,29,65,32,24,81,1,45,15,18,991,15,63,0,1547
45,155,17,15,55,38,17,70,6,29,7,21,872,17,97,0,1416
46,153,17,31,51,38,27,56,5,53,15,21,1012,24,88,1,1592
47,157,11,26,75,73,20,93,3,44,14,32,979,22,77,0,1626
48,158,13,31,75,74,26,113,4,35,13,26,984,19,62,0,1633
49,159,21,26,53,40,23,108,7,27,23,29,1072,24,62,3,1677
50,109,18,25,62,85,17,108,1,36,18,17,929,22,77,0,1524
51,149,15,20,75,67,25,152,3,33,24,27,1306,21,87,0,2004
52,149,20,27,44,125,19,129,4,41,20,19,1408,21,94,0,2120
Grand Total,4828,813,1427,1505,1198,725,2519,226,1053,724,1292,23852,600,2570,14,43346
"BILANGAN KES DENGGI MENGIKUT KUMPULAN UMUR, TAHUN 2013",JOHOR,KEDAH,KELANTAN,MELAKA,NEGERI SEMBILAN,PAHANG,PERAK,PERLIS,PULAU PINANG,SABAH,SARAWAK,SELANGOR,TERENGGANU,WP KUALA LUMPUR,WP LABUAN,MALAYSIA
0-4,69,9,21,43,30,12,70,7,19,16,31,848,18,63,0,1256
5-9,132,33,50,44,35,33,156,12,33,43,32,1126,23,110,1,1863
10-13,338,51,105,73,82,44,226,24,69,74,59,1803,47,206,3,3204
15-19,650,106,205,158,125,101,358,50,113,122,109,2810,98,295,1,5301
20-24,678,81,178,169,171,95,254,21,105,82,140,3786,89,354,2,6205
25-29,686,81,130,135,141,83,236,22,136,95,153,3715,70,374,0,6057
30-34,608,87,108,118,134,74,213,19,119,75,116,2866,60,335,5,4937
35-39,429,85,103,117,110,49,176,13,101,45,122,2111,37,228,1,3727
40-44,375,58,121,114,89,47,158,12,74,46,115,1562,29,174,1,2975
45-49,291,52,102,83,76,45,157,11,70,39,116,1003,38,128,0,2211
50-54,210,56,98,123,76,45,144,13,67,29,108,840,39,101,0,1949
55-59,145,47,99,107,58,34,142,6,58,20,69,613,27,80,0,1505
60-64,107,24,55,87,31,34,101,7,30,13,50,372,10,47,0,968
65-69,57,19,23,59,24,18,59,2,29,12,30,195,9,35,0,571
70-74,28,13,14,40,11,7,38,4,12,8,16,107,4,22,0,324
>75,25,11,15,35,5,4,31,3,18,5,26,95,2,18,0,293
Grand Total,4828,813,1427,1505,1198,725,2519,226,1053,724,1292,23852,600,2570,14,43346
"BILANGAN KES HAEMORRHAGIC FEVER MENGIKUT KUMPULAN UMUR, TAHUN 2013",JOHOR,KEDAH,KELANTAN,MELAKA,NEGERI SEMBILAN,PAHANG,PERAK,PERLIS,PULAU PINANG,SABAH,SARAWAK,SELANGOR,TERENGGANU,WP KUALA LUMPUR,WP LABUAN,MALAYSIA
0-4,2,1,1,1,0,0,0,2,2,1,0,5,1,2,0,18
5-9,1,0,0,3,0,0,0,0,2,2,2,13,1,4,0,28
10-13,3,1,0,5,0,0,1,0,2,3,0,26,4,5,2,52
15-19,6,0,2,3,1,1,4,0,2,7,2,53,12,9,0,102
20-24,10,0,1,14,0,0,1,0,3,3,0,53,9,9,0,103
25-29,10,1,1,5,0,0,1,0,6,4,1,42,8,9,0,88
30-34,10,1,1,9,1,2,1,0,10,0,4,46,6,13,0,104
35-39,4,1,3,6,0,0,2,0,5,0,0,26,2,6,0,55
40-44,10,0,3,5,0,0,2,0,1,1,1,22,2,4,0,51
45-49,2,0,2,4,1,1,2,1,4,0,1,16,4,8,0,46
50-54,8,0,0,9,1,0,0,0,3,0,3,13,2,5,0,44
55-59,2,0,1,9,1,0,1,0,1,2,2,12,0,3,0,34
60-64,5,0,1,3,0,0,1,0,2,2,0,8,1,2,0,25
65-69,1,0,0,1,0,0,2,0,0,0,0,2,1,1,0,8
70-74,0,0,0,3,0,0,0,0,0,0,1,0,1,0,0,5
>75,4,0,0,2,0,0,0,0,1,0,0,3,0,1,0,11
Grand Total,78,5,16,82,5,4,18,3,44,25,17,340,54,81,2,774
Death,24,1,2,9,1,2,4,1,7,5,4,24,0,8,0,92
"BILANGAN KES DENGGI MENGIKUT MINGGU EPID, TAHUN 2014",JOHOR,KEDAH,KELANTAN,MELAKA,NEGERI SEMBILAN,PAHANG,PERAK,PERLIS,PULAU PINANG,SABAH,SARAWAK,SELANGOR,TERENGGANU,WP KUALA LUMPUR,WP LABUAN,MALAYSIA
1,60,9,6,36,31,8,32,1,57,29,23,640,32,75,0,1039
2,169,25,34,67,100,14,249,6,41,30,31,903,33,244,0,1946
3,188,27,84,105,112,20,145,9,53,35,24,1070,22,262,0,2156
4,174,17,97,77,145,40,138,8,57,38,15,1201,31,188,3,2229
5,114,11,86,64,226,27,126,3,49,34,17,1080,15,231,0,2083
6,109,17,100,72,122,16,130,6,37,17,27,1317,10,217,0,2197
7,129,21,120,82,122,40,146,5,54,21,30,1296,21,178,0,2265
8,121,15,125,89,208,36,167,2,28,32,34,1429,16,166,0,2468
9,104,15,151,64,114,22,147,2,32,22,33,1159,14,171,2,2052
10,113,6,144,48,43,26,115,1,45,21,17,876,9,166,0,1630
11,97,7,141,49,73,29,142,3,37,25,23,1102,11,163,0,1902
12,86,9,135,39,37,21,113,4,35,22,14,1029,11,111,0,1666
13,67,8,108,35,23,18,89,4,35,11,25,928,16,98,0,1465
14,64,12,114,28,35,21,105,3,22,22,19,624,10,72,0,1151
15,67,8,97,24,23,16,70,1,20,11,14,881,9,67,5,1313
16,68,15,91,23,44,17,80,0,21,20,14,762,9,88,0,1252
17,37,15,85,18,18,22,63,1,17,18,18,577,4,80,1,974
18,74,18,63,25,51,19,62,3,25,22,34,636,9,92,0,1133
19,59,19,82,23,61,18,67,2,21,26,34,728,10,106,0,1256
20,69,28,71,33,50,23,67,3,18,17,24,731,12,133,0,1279
21,85,39,72,36,98,20,74,2,30,26,30,968,6,128,0,1614
22,75,41,61,23,66,20,77,4,43,20,26,1156,18,125,0,1755
23,63,29,59,39,93,24,82,3,30,18,28,967,10,141,0,1586
24,88,33,88,42,107,18,68,6,28,21,36,1099,16,147,0,1797
25,110,60,167,49,132,31,112,9,43,31,41,1038,19,179,0,2021
26,134,42,208,66,106,48,168,9,46,27,43,1208,9,175,0,2289
27,108,19,309,55,120,33,122,10,41,25,61,1036,20,204,0,2163
28,171,22,566,81,84,28,137,9,52,33,56,712,27,186,0,2164
29,196,20,792,59,99,50,111,5,31,35,68,1468,31,177,0,3142
30,128,25,900,65,88,55,103,5,41,28,38,1351,28,134,0,2989
31,109,6,569,34,81,15,69,9,27,24,37,740,23,91,0,1834
32,121,23,1160,56,75,46,109,5,67,26,49,1042,60,141,0,2980
33,157,14,1334,55,45,58,94,5,53,27,53,978,65,132,0,3070
34,144,17,1286,52,48,44,78,8,62,31,39,832,64,107,0,2812
35,139,21,971,61,21,53,84,4,61,18,31,840,57,111,0,2472
36,123,14,839,43,46,40,73,4,42,30,39,756,60,84,0,2193
37,135,8,720,59,49,64,104,8,68,36,48,768,86,113,0,2266
38,120,15,490,55,35,65,79,9,47,13,41,642,44,77,0,1732
39,123,13,405,73,42,77,105,3,82,27,90,1052,65,124,0,2281
40,133,18,323,50,41,65,133,3,60,34,112,991,70,107,0,2140
41,160,26,173,42,36,70,105,7,76,33,76,846,62,110,0,1822
42,162,19,183,67,41,72,116,7,87,31,72,1103,73,127,0,2160
43,123,10,130,59,37,40,115,9,87,34,87,1008,61,144,0,1944
44,183,25,93,58,48,60,111,7,84,32,90,1130,51,111,0,2083
45,144,13,88,75,31,55,130,10,105,33,75,1120,53,109,0,2041
46,155,28,100,69,26,77,237,11,102,25,80,1137,47,102,0,2196
47,128,17,88,62,90,65,245,10,121,27,95,1281,35,136,0,2400
48,129,13,78,37,69,49,382,13,109,38,76,1154,41,103,0,2291
49,144,9,82,36,48,76,290,15,129,36,89,1299,37,145,0,2435
50,122,16,75,56,69,83,290,16,155,40,99,1333,47,132,0,2533
51,173,28,56,45,38,107,448,10,179,42,95,1545,43,140,0,2949
52,128,19,41,55,84,79,495,4,142,33,96,1366,31,128,0,2701
53,141,10,16,55,50,30,326,11,107,49,105,1355,25,107,0,2387
Grand Total,6323,1014,14456,2770,3781,2170,7525,317,3141,1456,2571,54290,1688,7185,11,108698
"BILANGAN KES DENGGI MENGIKUT KUMPULAN UMUR, TAHUN 2014",JOHOR,KEDAH,KELANTAN,MELAKA,NEGERI SEMBILAN,PAHANG,PERAK,PERLIS,PULAU PINANG,SABAH,SARAWAK,SELANGOR,TERENGGANU,WP KUALA LUMPUR,WP LABUAN,MALAYSIA
0-4,158,14,554,97,125,42,183,7,58,61,30,2279,27,298,0,3933
5-9,222,25,856,80,200,90,366,14,96,121,88,3111,56,413,2,5740
10-13,511,74,1793,172,261,187,662,30,179,174,182,4899,133,627,0,9884
15-19,770,93,2261,325,384,248,945,29,300,185,262,6170,214,820,2,13008
20-24,793,87,1941,370,420,250,795,35,285,157,256,7681,262,935,1,14268
25-29,826,94,1434,342,442,254,734,32,377,167,250,7820,241,1046,1,14060
30-34,775,74,1095,244,433,209,670,27,369,140,298,6503,167,854,2,11860
35-39,590,84,914,223,356,166,573,24,321,104,215,4773,99,643,1,9086
40-44,458,96,842,194,304,163,532,22,298,79,233,3605,100,445,1,7372
45-49,399,97,757,155,257,133,489,32,238,70,187,2321,105,322,0,5562
50-54,299,102,789,155,215,136,456,20,201,59,162,1906,103,270,0,4873
55-59,207,85,540,139,154,110,393,18,155,44,138,1339,88,204,0,3614
60-64,138,40,345,112,101,84,312,14,101,34,114,822,36,130,1,2384
65-69,90,26,181,79,41,50,203,7,78,20,78,535,28,73,0,1489
70-74,48,10,97,39,50,24,100,3,35,28,46,270,19,49,0,818
>75,39,13,57,44,38,24,112,3,50,13,32,255,10,56,0,746
Grand Total,6323,1014,14456,2770,3781,2170,7525,317,3141,1456,2571,54289,1688,7185,11,108698
"BILANGAN KES HAEMORRHAGIC FEVER MENGIKUT KUMPULAN UMUR, TAHUN 2014",JOHOR,KEDAH,KELANTAN,MELAKA,NEGERI SEMBILAN,PAHANG,PERAK,PERLIS,PULAU PINANG,SABAH,SARAWAK,SELANGOR,TERENGGANU,WP KUALA LUMPUR,WP LABUAN,MALAYSIA
0-4,0,0,1,1,0,0,0,0,1,1,0,14,0,4,0,22
5-9,1,0,2,0,0,0,1,0,2,5,0,17,0,3,0,31
10-13,4,0,4,3,0,2,2,0,0,1,4,36,4,6,0,66
15-19,3,1,4,1,2,1,4,0,1,3,5,75,8,11,0,119
20-24,11,1,6,7,1,0,3,0,5,2,3,81,13,13,0,146
25-29,3,1,4,3,1,4,2,0,3,4,2,78,7,20,0,132
30-34,5,0,3,6,2,2,5,0,7,0,3,82,11,12,0,138
35-39,2,3,3,4,2,0,3,0,4,1,2,62,4,8,0,98
40-44,6,2,1,5,1,0,3,0,8,2,3,45,7,7,0,90
45-49,5,2,2,3,1,0,3,0,4,0,2,35,5,9,0,71
50-54,2,0,3,3,2,1,6,0,3,1,1,22,5,5,0,54
55-59,2,2,2,4,0,1,6,0,2,3,1,24,4,5,0,56
60-64,0,0,1,5,0,1,4,0,1,0,2,13,0,0,0,27
65-69,0,1,1,1,1,1,0,0,2,0,0,12,2,3,0,24
70-74,1,0,0,2,0,0,4,0,1,0,0,7,0,1,0,16
>75,0,2,0,0,1,0,0,0,1,0,0,5,0,2,0,11
Grand Total,45,15,37,48,14,13,46,0,45,23,28,608,70,109,0,1101
Death,25,7,17,6,10,6,21,0,11,6,6,77,2,21,0,215
"BILANGAN KES DENGGI MENGIKUT MINGGU EPID, TAHUN 2015",JOHOR,KEDAH,KELANTAN,MELAKA,NEGERI SEMBILAN,PAHANG,PERAK,PERLIS,PULAU PINANG,SABAH,SARAWAK,SELANGOR,TERENGGANU,WP KUALA LUMPUR,WP LABUAN,MALAYSIA
1,128,20,32,48,34,108,349,10,130,69,115,1406,30,154,0,2633
2,192,24,79,67,47,74,387,10,117,59,77,1627,38,115,0,2913
3,166,35,75,53,51,91,347,8,151,76,48,1651,43,161,0,2956
4,215,21,59,69,68,66,329,18,189,90,87,2002,62,225,0,3500
5,189,25,59,55,35,106,323,17,144,89,55,1754,46,140,0,3037
6,153,30,63,57,43,62,321,9,177,105,62,2033,46,150,1,3312
7,126,13,37,34,50,65,249,9,102,103,45,1954,32,140,0,2959
8,100,24,30,22,40,46,283,3,105,137,54,1625,22,165,0,2656
9,99,19,29,31,28,45,297,1,114,115,56,1652,28,129,0,2643
10,134,12,28,25,28,50,278,7,74,77,58,1347,26,131,0,2275
11,126,13,22,33,52,46,225,1,56,89,58,1141,20,124,0,2006
12,112,14,16,19,26,24,187,3,60,47,46,970,11,110,0,1645
13,140,14,19,19,15,33,185,1,36,48,59,912,9,119,0,1609
14,120,10,7,30,39,27,149,2,48,36,51,912,6,120,0,1557
15,105,16,16,19,33,38,155,2,54,29,34,738,8,123,0,1370
16,111,12,23,24,27,27,143,1,66,27,39,833,11,102,0,1446
17,123,12,9,25,36,28,151,1,103,23,38,819,6,116,0,1490
18,118,14,13,25,44,25,127,1,104,9,37,799,9,118,1,1444
19,141,20,15,44,22,28,136,1,136,24,22,902,6,178,0,1675
20,184,23,19,40,43,28,186,2,136,25,30,1052,4,172,0,1944
21,204,19,19,24,24,24,211,2,148,25,26,1153,17,146,0,2042
22,209,24,14,70,31,51,189,1,127,22,23,1267,3,170,0,2201
23,246,18,11,40,58,42,168,6,127,18,28,1248,11,141,0,2162
24,384,18,33,33,33,47,189,7,117,29,24,1226,7,201,0,2348
25,452,17,62,42,78,67,126,6,104,33,27,1461,13,222,0,2710
26,582,21,58,32,46,62,174,1,101,37,36,1474,11,197,0,2832
27,606,28,63,63,80,68,189,8,109,55,28,1755,9,222,0,3283
28,580,8,47,43,31,57,142,5,97,35,31,1511,10,150,0,2747
29,514,16,79,58,41,64,156,4,84,50,21,1300,11,151,0,2549
30,545,16,98,54,86,49,180,2,96,47,16,1363,25,159,0,2736
31,461,23,139,62,49,71,115,3,65,37,19,1336,40,163,0,2583
32,533,15,140,68,67,59,139,1,84,46,15,1186,24,155,0,2532
33,480,12,130,49,52,52,135,5,92,41,26,1146,55,175,0,2450
34,480,16,119,59,48,50,137,2,96,37,12,1159,35,159,0,2409
35,559,12,84,40,38,46,124,3,122,42,17,953,31,159,0,2230
36,564,12,130,70,82,55,165,4,99,55,20,1075,27,246,0,2604
37,479,21,88,68,50,30,131,0,98,40,24,1023,21,249,0,2322
38,338,14,64,38,31,60,120,3,80,35,20,928,37,166,0,1934
39,379,25,90,35,26,50,140,1,126,55,26,910,30,185,0,2078
40,379,25,85,59,55,73,156,4,104,63,46,964,33,196,0,2242
41,459,14,69,52,60,91,132,2,107,56,36,885,34,161,0,2158
42,426,9,73,67,37,83,132,3,123,50,32,1023,37,191,0,2286
43,375,16,65,57,64,61,130,1,115,56,52,953,32,180,0,2157
44,337,25,58,77,64,59,114,9,170,57,40,936,25,165,0,2136
45,287,36,35,35,50,69,134,9,139,55,33,1019,45,163,0,2109
46,282,26,45,42,68,87,141,8,130,72,34,1031,35,168,0,2169
47,259,21,48,49,40,65,127,13,150,57,28,1038,46,146,0,2087
48,221,25,36,66,54,79,135,7,145,63,28,1074,44,142,0,2119
49,256,24,37,54,81,89,131,6,173,86,18,1070,45,145,0,2215
50,350,26,61,57,63,82,153,11,132,84,13,1115,60,175,0,2382
51,369,20,67,67,50,72,120,6,122,84,31,1232,58,145,0,2443
52,366,27,53,51,56,70,124,8,146,105,22,1255,81,147,0,2511
Grand Total,15743,1000,2850,2420,2454,3001,9466,258,5830,2904,1923,63198,1455,8332,2,120836
"BILANGAN KES DENGGI MENGIKUT KUMPULAN UMUR, TAHUN 2015",JOHOR,KEDAH,KELANTAN,MELAKA,NEGERI SEMBILAN,PAHANG,PERAK,PERLIS,PULAU PINANG,SABAH,SARAWAK,SELANGOR,TERENGGANU,WP KUALA LUMPUR,WP LABUAN,MALAYSIA
0-4,553,25,94,70,112,75,292,8,152,149,39,3134,35,424,0,5162
5-9,694,36,172,98,136,143,491,16,262,219,69,3896,58,519,0,6809
10-13,1220,51,317,161,190,261,904,19,451,291,113,5339,117,737,0,10171
15-19,1887,122,438,294,284,341,1166,35,533,391,188,7044,198,906,0,13827
20-24,2180,92,361,383,296,364,1048,33,602,339,230,9272,203,1127,0,16530
25-29,2122,98,270,295,273,365,944,32,636,328,193,8828,180,1168,0,15732
30-34,1881,101,235,218,266,292,865,34,622,250,191,7546,150,1010,1,13662
35-39,1400,77,173,175,221,243,714,14,538,194,176,5400,110,686,0,10121
40-44,1161,79,159,142,170,209,662,14,476,146,137,3908,81,516,0,7860
45-49,778,70,167,141,128,176,525,10,419,144,117,2770,84,376,0,5905
50-54,653,82,155,136,121,183,527,15,376,129,146,2244,84,279,0,5130
55-59,498,74,141,108,105,138,473,11,290,124,113,1517,59,216,0,3867
60-64,329,38,84,87,82,99,343,7,197,101,84,1075,40,159,0,2725
65-69,216,24,46,48,31,58,255,4,126,40,52,651,22,98,0,1671
70-74,88,18,22,37,16,32,131,2,76,27,40,290,19,48,1,847
>75,83,13,16,27,23,22,126,4,74,32,35,284,15,63,0,817
Grand Total,15743,1000,2850,2420,2454,3001,9466,258,5830,2904,1923,63198,1455,8332,2,120836
"BILANGAN KES HAEMORRHAGIC FEVER MENGIKUT KUMPULAN UMUR, TAHUN 2015",JOHOR,KEDAH,KELANTAN,MELAKA,NEGERI SEMBILAN,PAHANG,PERAK,PERLIS,PULAU PINANG,SABAH,SARAWAK,SELANGOR,TERENGGANU,WP KUALA LUMPUR,WP LABUAN,MALAYSIA
0-4,3,0,0,0,0,0,1,0,1,2,0,17,0,2,0,26
5-9,3,0,1,0,1,1,1,0,2,2,1,22,0,4,0,38
10-13,4,1,2,3,2,3,3,0,2,4,1,39,0,12,0,76
15-19,4,2,3,6,3,2,6,0,2,2,0,60,2,4,0,96
20-24,6,0,0,10,8,3,3,0,5,1,0,93,5,13,0,147
25-29,7,0,3,5,4,3,7,1,4,4,2,90,2,9,0,141
30-34,3,1,1,4,2,2,7,0,3,2,1,76,0,21,0,123
35-39,6,3,0,1,1,2,5,0,3,1,0,61,3,12,0,98
40-44,7,2,0,3,2,0,3,0,0,0,1,36,4,5,0,63
45-49,3,3,0,1,0,1,6,0,6,0,0,23,3,6,0,52
50-54,3,1,0,3,4,1,5,0,1,0,1,21,2,5,0,47
55-59,6,1,0,1,0,1,7,0,7,1,2,16,1,5,0,48
60-64,1,2,0,4,2,0,6,1,4,1,1,9,1,1,0,33
65-69,1,1,0,3,0,1,6,0,0,0,0,13,2,2,0,29
70-74,3,0,0,0,2,1,3,0,0,0,0,4,1,1,0,15
>75,0,0,0,0,0,1,1,0,0,0,0,4,0,2,0,8
Grand Total,60,17,10,44,31,22,70,2,40,20,10,584,26,104,0,1040
Death,51,14,7,8,16,16,25,1,19,10,3,127,5,34,0,336
"BILANGAN KES DENGGI MENGIKUT MINGGU EPID, Tahun 2016",JOHOR,KEDAH,KELANTAN,MELAKA,NEGERI SEMBILAN,PAHANG,PERAK,PERLIS,PULAU PINANG,SABAH,SARAWAK,SELANGOR,TERENGGANU,WP KUALA LUMPUR,WP LABUAN,MALAYSIA
1,513,13,58,72,128,91,126,13,155,110,32,1681,108,237,0,3337
2,579,47,66,74,101,91,137,11,189,96,28,1677,158,246,0,3500
3,563,27,64,96,69,87,143,6,210,114,62,1778,183,243,0,3645
4,460,22,83,88,91,104,119,4,173,125,53,1620,213,194,0,3349
5,502,22,76,72,98,101,108,6,180,130,59,1616,138,202,2,3312
6,397,10,46,47,67,46,95,3,107,96,50,1333,122,171,0,2590
7,403,17,63,57,58,47,124,0,104,80,43,1496,94,199,0,2785
8,375,28,62,48,68,87,125,9,95,79,64,1575,84,186,0,2885
9,357,17,72,54,79,69,137,10,88,57,54,1450,86,189,0,2719
10,335,16,51,50,64,76,100,2,84,28,47,1474,59,170,0,2556
11,284,17,56,36,49,58,116,3,57,41,43,1301,48,138,0,2247
12,285,19,50,50,61,49,99,2,48,28,50,1204,46,144,0,2135
13,256,10,47,40,63,50,83,3,45,36,62,1239,37,159,0,2130
14,280,11,40,40,41,40,64,1,56,30,80,1189,27,132,0,2031
15,229,9,41,33,18,31,62,0,37,36,76,1137,18,127,0,1854
16,224,4,47,25,28,33,48,4,14,12,63,929,17,159,0,1607
17,167,9,26,25,54,35,45,1,22,27,68,892,19,130,0,1520
18,123,9,28,28,44,34,32,3,19,18,55,781,15,140,0,1329
19,154,17,32,27,46,28,41,0,17,27,62,732,15,127,0,1325
20,124,10,16,11,40,27,47,1,24,33,54,700,13,144,0,1244
21,121,12,24,29,33,22,54,1,26,46,67,645,14,134,0,1228
22,126,10,16,27,58,25,40,0,15,47,44,717,5,141,1,1272
23,134,18,22,30,44,21,61,0,34,71,62,872,10,206,0,1585
24,153,37,45,43,63,34,75,1,29,85,71,941,4,222,0,1803
25,163,37,35,48,52,23,66,0,22,96,60,937,6,232,0,1777
26,165,42,51,47,51,39,75,5,31,93,68,1144,6,200,0,2017
27,121,22,40,44,34,23,38,2,27,60,62,885,4,150,0,1512
28,183,32,124,64,56,44,89,7,20,118,78,1166,10,249,0,2240
29,173,20,174,55,59,43,60,1,19,119,64,1101,11,288,1,2188
30,139,16,218,66,50,54,43,2,17,111,78,872,13,217,0,1896
31,118,19,236,35,25,86,56,5,25,103,58,851,17,183,2,1819
32,143,24,272,56,57,58,44,5,16,81,49,968,24,166,0,1963
33,161,24,297,54,41,75,67,2,29,69,33,1052,32,254,0,2190
34,152,19,451,59,58,85,46,5,21,115,41,970,35,191,1,2249
35,143,22,405,64,44,70,41,0,32,99,46,1011,29,137,0,2143
36,174,21,395,47,67,57,60,11,23,124,51,903,25,136,1,2095
37,119,12,226,38,31,54,42,4,22,101,34,795,13,136,1,1628
38,119,24,367,47,50,56,55,1,26,65,39,796,30,143,0,1818
39,131,15,212,39,41,68,47,5,36,66,53,832,25,131,0,1701
40,109,9,174,31,69,52,58,3,39,52,43,712,19,179,0,1549
41,132,16,139,27,55,89,58,3,28,73,44,785,16,188,1,1654
42,123,17,133,18,48,72,55,8,30,60,52,673,19,154,1,1463
43,74,15,117,31,61,69,85,2,16,64,59,602,20,138,0,1353
44,94,17,99,24,44,99,52,6,24,57,53,572,15,107,0,1263
45,85,22,106,31,31,112,48,3,26,76,52,651,14,114,2,1373
46,89,26,133,33,29,50,60,12,22,58,40,512,19,118,0,1201
47,86,28,119,37,53,81,78,0,21,60,44,539,18,93,0,1257
48,106,14,88,31,36,88,68,2,29,65,43,602,19,137,0,1328
49,86,18,127,39,86,56,77,1,29,60,46,593,14,144,0,1376
50,125,15,124,49,38,66,74,0,40,62,49,654,5,96,0,1397
51,110,28,104,60,73,67,96,2,43,75,41,751,6,134,0,1590
52,74,9,83,50,48,28,58,2,35,34,44,744,12,108,0,1329
Grand Total,10641,994,6180,2326,2852,3050,3777,183,2576,3668,2773,51652,2009,8663,13,101357
"BILANGAN KES DENGGI MENGIKUT KUMPULAN UMUR, TAHUN 2016",JOHOR,KEDAH,KELANTAN,MELAKA,NEGERI SEMBILAN,PAHANG,PERAK,PERLIS,PULAU PINANG,SABAH,SARAWAK,SELANGOR,TERENGGANU,WP KUALA LUMPUR,WP LABUAN,MALAYSIA
0-4,532,23,303,67,111,100,163,2,60,175,52,2604,120,439,0,4751
5-9,652,45,442,103,154,150,217,9,109,276,132,3077,138,541,0,6045
10-13,842,54,720,150,220,241,282,21,171,451,205,3860,204,674,0,8095
15-19,1242,108,884,268,323,312,447,19,242,529,310,5545,261,855,2,11347
20-24,1405,116,774,303,302,337,399,16,249,410,340,7802,258,1200,2,13913
25-29,1354,85,652,245,287,353,344,24,266,371,303,7278,207,1202,2,12973
30-34,1269,113,530,217,263,323,376,19,277,330,266,6370,193,1078,2,11626
35-39,913,82,356,165,260,254,275,15,256,230,241,4549,117,774,1,8488
40-44,661,76,347,165,218,190,253,11,243,188,233,3143,110,539,1,6378
45-49,504,62,273,129,188,199,220,10,174,170,186,2311,93,377,1,4897
50-54,423,70,297,140,148,200,216,12,165,187,161,1732,104,331,0,4186
55-59,325,53,274,130,128,167,194,9,121,140,131,1369,82,266,2,3391
60-64,227,32,163,84,107,91,153,5,99,86,100,898,53,170,0,2268
65-69,131,38,91,67,73,64,108,3,63,51,53,582,32,106,0,1462
70-74,81,20,42,47,35,35,58,5,33,40,32,262,22,48,0,760
>75,80,17,32,46,35,34,72,3,48,34,28,270,15,63,0,777
Grand Total,10641,994,6180,2326,2852,3050,3777,183,2576,3668,2773,51652,2009,8663,13,101357
"BILANGAN KES HAEMORRHAGIC FEVER MENGIKUT KUMPULAN UMUR, TAHUN 2016",JOHOR,KEDAH,KELANTAN,MELAKA,NEGERI SEMBILAN,PAHANG,PERAK,PERLIS,PULAU PINANG,SABAH,SARAWAK,SELANGOR,TERENGGANU,WP KUALA LUMPUR,WP LABUAN,MALAYSIA
0-4,1,1,1,0,0,0,0,0,0,1,1,12,0,3,0,20
5-9,0,1,1,0,2,0,0,0,1,1,0,13,0,4,0,23
10-13,2,1,0,1,0,2,0,0,2,1,0,18,5,4,0,36
15-19,5,1,1,2,5,1,3,0,1,2,0,38,3,10,0,72
20-24,3,0,4,2,4,1,5,0,2,1,1,52,2,8,0,85
25-29,7,0,3,0,2,0,2,0,0,0,2,50,1,8,0,75
30-34,4,0,2,0,2,1,5,0,1,1,0,44,1,9,0,70
35-39,2,0,1,2,3,1,2,0,0,0,0,36,0,3,0,50
40-44,1,1,0,3,4,2,4,0,1,1,1,29,3,9,0,59
45-49,0,1,1,4,0,0,2,0,3,0,3,24,0,4,0,42
50-54,0,2,1,2,0,4,2,0,0,0,0,12,3,3,0,29
55-59,1,0,1,1,1,0,2,0,2,0,1,7,2,1,0,19
60-64,0,0,0,1,1,1,2,0,1,2,0,15,0,4,0,27
65-69,1,1,0,2,1,1,0,0,0,0,0,5,0,0,0,11
70-74,1,0,1,1,2,0,0,1,0,0,0,3,0,0,0,9
>75,0,0,1,3,1,0,0,0,0,0,1,1,0,1,0,8
Grand Total,28,9,18,24,28,14,29,1,14,10,10,359,20,71,0,635
Death,23,5,11,7,26,11,10,3,12,2,7,78,20,22,0,237
"BILANGAN KES DENGGI MENGIKUT MINGGU EPID, Tahun 2017",JOHOR,KEDAH,KELANTAN,MELAKA,NEGERI SEMBILAN,PAHANG,PERAK,PERLIS,PULAU PINANG,SABAH,SARAWAK,SELANGOR,TERENGGANU,WP KUALA LUMPUR,WP LABUAN,MALAYSIA
1,154,17,92,45,40,61,108,1,37,56,35,839,7,152,0,1644
2,133,31,104,56,87,69,109,2,46,49,41,1012,10,146,0,1895
3,126,47,111,36,80,83,149,1,54,48,36,1133,6,143,0,2053
4,109,33,73,40,83,36,166,5,48,40,38,1030,6,151,0,1858
5,114,17,64,42,51,37,141,3,29,41,53,817,7,134,0,1550
6,135,21,108,48,75,37,150,10,44,36,44,815,4,134,0,1661
7,135,20,107,31,74,42,175,8,36,46,37,1047,9,148,0,1915
8,133,31,107,51,66,47,225,7,30,45,24,994,8,169,0,1937
9,130,26,88,31,66,30,206,3,43,54,23,1030,9,144,2,1885
10,143,35,94,41,63,51,210,1,32,31,30,1002,5,181,1,1920
11,125,25,69,25,97,36,191,3,44,43,33,949,5,197,0,1842
12,103,17,64,23,115,37,152,4,42,30,27,930,9,233,0,1786
13,130,24,79,32,74,37,152,7,28,35,27,952,5,171,0,1753
14,132,21,64,32,105,34,169,2,41,31,16,956,11,190,0,1804
15,137,24,55,28,103,32,127,1,74,24,11,1055,2,229,0,1902
16,160,23,58,29,125,34,181,3,100,28,15,1036,2,225,1,2020
17,154,43,40,18,76,28,171,2,52,37,15,1006,11,241,0,1894
18,123,58,46,32,103,24,174,3,48,34,14,976,5,185,0,1825
19,151,68,28,19,114,23,173,2,44,35,15,954,3,229,0,1858
20,174,48,26,15,118,27,166,8,41,34,20,1131,10,199,3,2020
21,186,41,25,9,148,52,166,10,52,34,24,1245,9,249,0,2250
22,228,42,38,22,104,29,137,3,43,24,12,1373,6,240,1,2302
23,205,42,35,26,50,29,155,5,65,36,8,1294,8,270,5,2233
24,212,57,24,30,60,18,122,13,37,37,15,1216,1,266,4,2112
25,219,40,18,25,51,28,122,2,56,37,11,1285,2,273,4,2173
26,169,20,26,20,41,19,68,3,38,46,15,1012,4,151,2,1634
27,197,44,52,32,57,30,91,4,59,41,9,1112,3,234,3,1968
28,197,45,69,19,61,25,87,0,86,51,8,1193,7,206,2,2056
29,212,27,56,26,49,47,75,5,96,42,9,1091,10,249,0,1994
30,188,28,69,27,45,28,78,6,67,58,10,1039,12,216,7,1878
31,258,29,52,30,41,33,58,3,50,47,12,1067,8,210,1,1899
32,260,37,54,48,39,40,63,1,62,79,7,1045,6,158,0,1899
33,230,37,52,26,39,40,64,3,47,54,5,915,5,147,8,1672
34,163,17,52,21,43,12,44,5,42,56,13,792,6,154,0,1420
35,142,13,42,17,45,33,41,4,38,47,14,605,3,119,8,1171
36,152,18,32,27,45,21,34,3,43,54,10,676,6,101,1,1223
37,162,39,33,18,42,35,57,10,44,55,15,656,5,117,10,1298
38,138,17,31,26,39,27,36,4,39,60,13,527,4,87,2,1050
39,129,19,30,43,30,25,45,2,45,84,10,613,8,108,2,1193
40,128,19,21,26,30,44,49,1,49,76,14,613,1,123,0,1194
41,118,11,26,24,25,33,43,0,53,64,13,618,2,107,4,1141
42,140,12,22,22,21,19,41,3,53,54,17,513,6,88,1,1012
43,112,11,20,20,29,16,43,2,85,62,16,580,2,100,3,1101
44,138,15,14,32,31,31,41,0,73,58,23,601,3,99,0,1159
45,113,19,27,23,17,28,41,1,38,41,17,541,4,98,7,1015
46,103,11,18,21,32,31,40,1,60,61,21,513,8,71,2,993
47,125,15,26,12,19,23,40,2,71,64,13,454,2,96,0,962
48,110,18,14,21,20,14,46,2,37,48,8,418,3,70,3,832
49,116,14,18,18,20,16,44,0,57,91,4,466,3,81,2,950
50,129,9,15,19,28,23,55,1,70,72,10,459,3,91,1,985
51,149,21,17,14,24,23,33,0,47,80,10,541,3,88,0,1050
52,103,14,10,7,15,13,57,0,66,70,12,553,5,82,1,1008
Grand Total,7932,1430,2515,1425,3055,1690,5411,175,2681,2560,952,45290,292,8350,91,83849
"BILANGAN KES DENGGI MENGIKUT KUMPULAN UMUR, TAHUN 2017",JOHOR,KEDAH,KELANTAN,MELAKA,NEGERI SEMBILAN,PAHANG,PERAK,PERLIS,PULAU PINANG,SABAH,SARAWAK,SELANGOR,TERENGGANU,WP KUALA LUMPUR,WP LABUAN,MALAYSIA
0-4,984,38,117,73,159,86,256,2,131,163,15,3706,11,534,1,6276
5-9,341,73,180,60,153,108,299,10,145,209,32,2863,16,536,10,5035
10-13,473,106,290,89,238,123,463,19,165,289,52,3616,23,658,5,6609
15-19,764,130,342,136,321,161,639,29,224,308,77,4765,38,885,11,8830
20-24,838,151,272,177,436,172,522,17,312,296,98,6141,50,1128,11,10621
25-29,888,141,230,155,311,161,438,20,307,270,91,5647,30,1133,11,9833
30-34,782,126,198,125,261,164,469,14,304,206,83,5062,34,989,7,8824
35-39,649,88,155,103,257,129,386,16,259,182,101,3773,19,760,5,6882
40-44,506,88,146,90,194,113,309,6,176,112,88,2636,8,468,6,4946
45-49,798,124,121,101,186,91,331,9,179,129,102,2184,19,322,4,4700
50-54,317,100,130,90,152,114,333,6,156,119,66,1536,16,286,4,3425
55-59,224,105,119,70,143,99,312,12,115,104,48,1311,15,255,4,2936
60-64,161,62,101,57,105,77,255,5,83,76,43,908,8,169,6,2116
65-69,104,42,55,44,78,50,174,4,48,52,23,583,3,117,5,1382
70-74,49,25,31,23,35,22,108,1,30,20,15,304,1,40,1,705
>75,52,31,27,31,26,20,117,5,47,25,18,245,1,69,0,714
Tiada Maklumat,2,0,1,1,0,0,0,0,0,0,0,10,0,1,0,15
Grand Total,7932,1430,2515,1425,3055,1690,5411,175,2681,2560,952,45290,292,8350,91,83849
"BILANGAN KES HAEMORRHAGIC FEVER MENGIKUT KUMPULAN UMUR, TAHUN 2017",JOHOR,KEDAH,KELANTAN,MELAKA,NEGERI SEMBILAN,PAHANG,PERAK,PERLIS,PULAU PINANG,SABAH,SARAWAK,SELANGOR,TERENGGANU,WP KUALA LUMPUR,WP LABUAN,MALAYSIA
0-4,3,0,1,0,0,0,1,0,1,1,1,7,0,2,0,17
5-9,2,0,0,0,2,0,1,0,2,1,1,5,0,6,0,20
10-13,1,1,0,1,0,0,3,0,0,1,0,8,0,4,0,19
15-19,1,2,2,1,0,0,2,0,1,2,0,17,0,5,0,33
20-24,3,0,0,4,2,1,1,1,1,4,0,34,1,7,0,59
25-29,3,0,2,1,0,0,2,0,3,0,0,22,0,10,0,43
30-34,2,1,0,1,2,0,2,0,4,1,0,27,0,6,0,46
35-39,2,0,0,0,0,1,1,0,1,0,1,15,0,5,0,26
40-44,3,0,1,0,1,0,2,0,1,0,1,17,0,6,0,32
45-49,7,2,1,1,0,0,5,0,2,1,1,12,0,2,0,34
50-54,1,1,0,1,1,0,5,0,0,1,0,13,0,5,0,28
55-59,1,0,0,0,2,2,0,0,0,1,1,10,0,1,0,18
60-64,0,0,0,0,2,1,2,0,1,0,0,10,0,2,0,18
65-69,0,0,0,0,0,1,1,0,0,0,0,3,0,1,0,6
70-74,0,0,0,1,1,0,1,0,0,0,0,2,0,0,0,5
>75,0,0,0,0,0,0,1,0,0,0,0,1,0,0,0,2
Grand Total,29,7,7,11,13,6,30,1,17,13,6,203,1,62,0,406
Death,27,5,2,1,11,6,12,0,13,9,4,67,1,19,0,177
